Câu 1. Tiền đề xuất phát của quan điểm duy vật lịch sử là?,A.	Con người hiện thực,B.	Con người trừu tượng,C.	Con người hành động,D.	Con người tư duy
Câu 2. Điền thêm từ để hoàn thiện nhận định sau đây và xác định đó là nhận định của ai? “Điểm khác biệt căn bản giữa xã hội loài người với xã hội loài vật là ỏ chỗ: loài vật may mắn lắm chỉ hái lượm trong khi con người lại ”,A.	Biết sáng tạo/ Ph.Ăngghen,B.	Sản xuất/Ph.Ăngghen,C.	Tiến hành lao động/C.Mác,D.	Tư duy/V.I Lênin
Câu 3. Chọn phương án đúng nhất: Xã hội có các loại hình sản xuất cơ bản là...,"A.	Sản xuất ra của cải vật chất, tinh thần và văn hóa","B.	Sản xuất ra văn hóa, con người và đời sống tinh thần","C.	Sản xuất ra của cải vật chất, đời sống tinh thần và nghệ thuật","D.	Sản xuất ra của cải vật chất, tinh thần và con người"
"Câu 4: C. Mác đã viết: “Cái cối xay quay bằng tay đưa lại xã hội có lãnh chúa phong kiến, cái cối xay chạy bằng hơi nước đưa lại xã hội có nhà tư bản công nghiệp”. Hãy cho biết câu nói trên phản ánh quan điểm nào?",A.	Vai trò quyết định của lực lượng sản xuất đối với quan hệ sản xuất,B.	Vai trò quyết định của quan hệ sản xuất đổì với lực lượng sản xuất,C.	Lực lượng sản xuất và quan hệ sản xuất tồn tại độc lập,D.	Cơ sở hạ tầng quyết định kiến trúc thượng tầng
"Câu 5: Theo C.Mác, các nền kinh tế căn bản được phân biệt với nhau bởi?",A.	Mục đích của quá trình sản xuất ra của cải vật chất,B.	Mục đích xã hội của quá trình sản xuất ra của cải vật chất,C.	Mục đích tự nhiên của quá trình sản xuất ra của cải vật chất,D.	Phương thức sản xuất ra của cải vật chất
Câu 6: Tiêu chuẩn quan trọng nhất để phân biệt các thời đại kinh tế là gì? ,A.	Phương thức sản xuất,B.	Thể chế chính trị,C.	Hình thức nhà nước,D.	Hình thức tôn giáo
Câu 7: Phương thức sản xuất là?,A.	Những cách thức mà con người sử dụng để tiến hành quá trình sản xuất của xã hội ở những giai đoạn lịch sử nhất định,B.	Sự thống nhất cơ sở hạ tầng và kiến trúc thượng tầng,C.	Cách thức con người tiến hành sản xuất qua các giai đoạn lịch sử,D.	Cách thức con người sản xuất ra của cải vật chất cho xã hội
"Câu 8: Trong các hình thức của sản xuất xã hội, hình thức nào là nền tảng?",A.	Sản xuất vật chất,B.	Sản xuất tinh thần,C.	Sản xuất ra bản thân con người,D.	Sản xuất ra tri thức
Câu 9: Quan hệ sản xuất là?,A.	Mối quan hệ giữa con người với đối tượng lao động,B.	Mối quan hệ giữa con người với công cụ lao động,C.	Mối quan hệ giữa người với người trong quá trình sản xuất vật chất,D.	Mối quan hệ giữa con người với tư liệu sản xuất
Câu 10: Sự biến đổi của quan hệ sản xuất do yếu tố nào quyết định nhất?,A.	Trình độ của lực lượng sản xuất,B.	Sự phong phú của đối tượng lao động,C.	Do công cụ hiện đại,D.	Trình độ của người lao động
"Câu 11: Quan hệ cơ bản nhất, đóng vai trò quyết định trong hệ thống quan hệ sản xuất là?",A.	Quan hệ tổ chức và quản lý sản xuất,B.	Quan hệ sở hữu về công cụ lao động,C.	Quan hệ phân phối,D.	Quan hệ sở hữu về tư liệu sản xuất 
Câu 12: Lực lượng sản xuất bao gồm các nhân tố nào?,A.	Người lao động và tư liệu sản xuất,B.	Người lao động và công cụ lao động,C.	Người lao động và tư liệu lao động,D.	Người lao động và đối tượng lao động
Câu 13: Tư liệu sản xuất bao gồm?,A.	Con người và công cụ lao động,"B.	Người lao động, công cụ lao động và đối tượng lao động",C.	Đối tượng lao động và tư liệu lao động,D.	Công cụ lao động và tư liệu lao động
Câu 14: Trong mối quan hệ giữa lực lượng sản xuất và quan hệ sản xuất:,A.	Lực lượng sản xuất phụ thuộc vào quan hệ sản xuất,B.	Quan hệ sản xuất phụ thuộc vào trình độ phát triển của lực lượng sản xuất,C.	Quan hệ sản xuất và lực lượng sản xuất tồn tại tách rời với nhau,D.	Quan hệ sản xuất và lực lượng sản xuất đều hoàn toàn phụ thuộc vào nhà nước
Câu 15: Cơ sở hạ tầng là?,A.	Toàn bộ quan hệ sản xuất hợp thành cơ cấu kinh tế của một xã hội nhất định,B.	Toàn bộ quan hệ sản xuất của xã hội,C.	Toàn bộ quan hệ xã hội hợp thành cơ cấu kinh tế của một chế độ xã hội,D.	Toàn bộ quan hệ sản xuất hợp thành cơ cấu của xã hội
Câu 16: Kiến trúc thượng tầng là?,"A.	Toàn bộ những quan điểm chính trị, pháp quyền, đạo đức, triết học, tôn giáo, nghệ thuật... cùng với những thiết chếxã hội tương ứng như nhà nước, đảng phái, giáo hội, các đoàn thể xã hội... được hình thành trên một cơ sở hạ tầng nhất định",B.	Toàn bộ những quan điểm của xã hội,C.	Toàn bộ những thiết chế xã hội,D.	Hệ tư tưởng của giai cấp thống trị
"Câu 17: Về bản chất, theo Ph.Ăngghen nhà nước là...",A.	Công cụ quyền lực quản lý xã hội vì mục đích chung,B.	Một bộ máy của một giai cấp này dùng để trấn áp một giai cấp khác,C.	Công cụ quyền lực của mọi giai cấp trong xã hội ,D.	Công cụ của mọi người
"Câu 18: Cơ sở làm phát sinh các quan hệ xã hội: chính trị, pháp luật... là do...",A.	Những quan hệ sản xuất vật chất của xã hội,B.	Trình độ nhận thức của con người ngày càng cao,C.	Quan hệ giữa con người với con người ngày càng phức tạp,D.	Ý muốn của giai cấp thống trị
Câu 19: Thực chất của quan hệ biện chứng giữa cơ sở hạ tầng và kiến trúc thượng tầng là...,A.	Quan hệ giữa kinh tế và chính trị,B.	Quan hệ giữa đời sống vật chất và đời sống tinh thần,C.	Quan hệ giữa tồn tại xã hội và ý thức xã hội,D.	Quan hệ giữa vật chất và ý thức
Câu 20: Tính chất phụ thuộc của kiến trúc thượng tầng vào cơ sở hạ tầng có nguyên nhân từ...,A.	Tính tất yếu của tồn tại xã hội đối với ý thức xã hội,B.	Kiến trúc thượng tầng nảy sinh trên cơ sở hạ tầng,C.	Tính tất yếu kinh tế đối với toàn bộ các lĩnh vực sinh hoạt của xã hội,D.	Kiến trúc thượng tầng là cái phản ánh cơ sở hạ tầng
Câu 21: Nhân tố nào trong kiến trúc thượng tầng có tác động trực tiếp nhất và mạnh mẽ nhất tới cơ sở hạ tầng kinh tế của xã hội?,A.	Các chính đảng,B.	Nhà nước,C.	Các đoàn thể chính trị - xã hội,D.	Giáo hội
Câu 22: Vai trò của kiến trúc thượng tầng đối với cơ sở hạ tầng?,A.	Kiến trúc thượng tầng quyết định cơ sở hạ tầng,B.	Kiến trúc thượng tầng chịu sự quyết định hoàn toàn của cơ sở hạ tầng,C.	Kiến trúc thượng tầng luôn có tác động tích cực đối với cơ sở hạ tầng,D.	Kiến trúc thượng tầng thường xuyên có vai trò tác động trở lại cơ s hạ tầng của xã hội 
Câu 23: Chọn phương án đúng nhất: Các yếu tố cấu thành tồn tại xã hội bao gồm?,A.	Phương thức sản xuất và điều kiện tự nhiên - hoàn cảnh địa lý,"B.	Phương thức sản xuất, điều kiện tự nhiên và dân cư","C.	Phương thức sản xuất, xã hội và dân cư",D.	Điều kiện tự nhiên - hoàn cảnh địa lý và dân cư
Câu 24: Khái niệm ý thức xã hội dùng để chỉ?,A.	Phương diện sinh hoạt vật chất của xã hội,B.	Phương diện sinh hoạt tinh thần của một giai cấp,"C.	Phương diện sinh hoạt tinh thần của xã hội, nảy sinh từ tồn tại xã hội và phản ánh tồn tại xã hội trong những giai đoạn phát triển nhất định","D.	Những đặc trưng về tâm lý, tính cách của một cộng đồng dân tộc"
Câu 25: Mối quan hệ giữa ý thức xã hội và ý thức cá nhân là biểu thị mối quan hệ giữa?,A.	Nội dung và hình thức,B.	Cái chung và cái riêng,C.	Bản chất và hiện tượng,D.	Nguyên nhân và kết quả
Câu 26: Lựa chọn phương án đúng theo quan điểm triết học Mác - Lênin về đặc điểm tâm lý xã hội?,A.	Tâm lý xã hội là sự phản ánh trực tiếp và tự phát đối với hoàn cảnh sống của cộng đồng,B.	Tâm lý xã hội là sự phản ánh gián tiếp có tính tự phát thường ghi lại những mặt bề ngoài tồn tại xã hội,"C.	Tâm lý xã hội mang tính phong phú và phức tạp, nhưng không tuân theo các quy luật tâm lý",D.	Tâm lý xã hội không có vai trò quan trọng trong ý thức xã hội
Câu 27: Lựa chọn phương án đúng về đặc điểm của hệ tư tưởng?,A.	Hệ tư tưởng ra đời trực tiếp từ tâm lý xã hội,B.	Hệ tư tưởng là sự phản ánh gián tiếp và tự giác đối với tồn tại xã hội,"C.	Trong xã hội có giai cấp, chỉ có hệ tư tưởng biểu hiện tính giai cấp của ý thức xã hội",D.	Hệ tư tưởng không ảnh hưởng đến sự phát triển của chính trị
Câu 28: Lựa chọn phương án đúng về vai trò của tồn tại xã hội trong quan hệ biện chứng với ý thức xã hội?,A.	Ý thức xã hội hoàn toàn phụ thuộc một cách thụ động vào tồn tại xã hội,"B.	Tồn tại xã hội quyết định ý thức xã hội, song ý thức xã hội vẫn có tính độc lập tương đối của nó",C.	Khi tồn tại xã hội đã thay đổi thì toàn bộ các yếu tố cấu thành ý thức xã hội biến đổi ngay theo cùng tồn tại xã hội,D.	Tồn tại xã hội có vai trò quyết định đối với các hình thái ý thức xã hội một cách đơn giản trực tiếp không qua các khâu trung gian
Câu 29: Lựa chọn phương án sai về tính độc lập tương đối của ý thức xã hội?,A.	Các loại hình thái ý thức xã hội tác động qua lại lẫn nhau trong quá trình phát triển,B.	Mọi hình thái ý thức xã hội luôn luôn lạc hậu hơn so với tồn tại xã hội,C.	Không thể giải thích một tư tưởng nào đó nếu chỉ dựa vào những quan hệ kinh tế hiện có mà không chú ý đến các giai đoạn phát triển tư tưởng đó,D.	Ý thức xã hội tác động trở lại tồn tại xã hội theo hai chiều hướng hoặc thúc đẩy hoặc kìm hãm
Câu 30: Lựa chọn phương án đúng về tính độc lập tương đối của ý thức xã hội?,A.	Những tư tưởng khoa học tiên tiến có thể vượt trước sự phát triển của tồn tại xã hội nên có thể thoát ly tồn tại xã hội,B.	Tồn tại xã hội thay đổi nhưng có một số bộ phận của ý thức xã hội chưa thay đổi ngay cùng với tồn tại xã hội,C.	Các hình thái ý thức xã hội trong sự phát triển không thể tác động qua lại lẫn nhau,"D.	Trong xã hội có giai cấp, tính chất kế thừa của ý thức xã hội không gắn liền với tính giai cấp của nó"
Câu 31: Chọn phương án đúng nhất: Đâu là cấu trúc của một hình thái kinh tế - xã hội? ,A.	Lực lượng sản xuất và quan hệ sản xuất,"B.	Lực lượng sản xuất, quan hệ sản xuất và kiến trúc thượng tầng",C.	Cơ sở hạ tầng và kiến trúc thượng tầng,D.	Tồn tại xã hội và ý thức xã hội
Câu 32: Điền thêm từ vào câu sau đây và xác định đó là luận điểm của ai? “Sự phát triển của các hình thái kinh tế - xã hội là một quá trình…”.,A.	Lịch sử tất yếu theo quy luật/ V.I. Lênin,B.	Lịch sử đi lên/ Ph. Ăngghen,C.	Lịch sử - tự nhiên/ C. Mác,D.	Lịch sử của các dân tộc/ Hồ Chí Minh
Câu 33: Khẳng định tính lịch sử - tự nhiên của sự phát triển các hình thái kinh tế - xã hội tức là khẳng định sự phát triển của xã hội...,A.	Hoàn toàn chỉ tuân theo quy luật khách quan của giới tự nhiên,B.	Duy nhất chỉ tuân theo quy luật khách quan của xã hội,C.	Hoàn toàn tuân theo quy luật khách quan của tự nhiên và xã hội,"D.	Tuân theo quy luật khách quan nhưng đồng thời cũng chịu tác động của các nhân tố khác, trong đó có nhân tố thuộc về hoạt động chủ quan của con người"
Câu 34: Việc lật đổ một chế độ chính trị đã lỗi thời và thiết lập một chế độ chính trị tiến bộ hơn của giai cấp cách mạng được gọi là?,A.	Đảo chính,B.	Cách mạng xã hội,C.	Bạo loạn,D.	Cách mạng văn hóa
"Câu 35: Theo chủ nghĩa duy vật lịch sử, lịch sử loài người là một tiến trình nối tiếp nhau tuần tự từ thấp đến cao của các hình thái kinh tế - xã hội:",A.	Cộng sản nguyên thủy - Phong kiến - Chiếm hữu nô lệ - Tư bản chủ nghĩa - Cộng sản chủ nghĩa.,B.	Cộng sản nguyên thủy - Phong kiến - Tư bản chủ nghĩa - Chiếm hữu nô lệ - Công sản chủ nghĩa,C.	Cộng sản nguyên thủy - Chiếm hữu nô lệ - Phong kiến - Tư bản chủ nghĩa - Cộng sản chủ nghĩa. ,D.	Cộng sản nguyên thủy - Tư bản chủ nghĩa - Chiếm hữu nô lệ - Phong kiến - Cộng sản chủ nghĩa
"Câu 36: Theo chủ nghĩa duy vật lịch sử, ba yếu tố cơ bản của hình thái kinh tế - xã hội tác động biện chứng, tạo thành các quy luật cơ bản chi phối sự vận động, phát triển của lịch sử xã hội là:",A.	lực lượng sản xuất; quan hệ sản xuất; kiến trúc thượng tầng,"B.	tồn tại xã hội, ý thức xã hội, cơ sở hạ tầng","C.	cơ sở hạ tầng, kiến trúc thượng tầng, tồn tại xã hội","D.	lực lượng sản xuất, quan hệ sản xuất, tồn tại xã hội"
"Câu 37: Theo C.Mác, trong tính hiện thực của nó, bản chất con người là?",A.	Tính thiện,B.	Tổng hòa những quan hệ xã hội,C.	Tính ác,D.	Tổng hòa các quan hệ kinh tế
Câu 38: Theo quan điểm của triết học Mác – Lênin:,A.	Lịch sử được quyết định bởi quần chúng nhân dân,B.	Lịch sử được quyết định bởi mệnh trời,C.	Lịch sử được quyết định bởi cá nhân hào kiệt,"D.	Lịch sử không do ai quyết định, vì nó diễn ra theo quy luật tự nhiên"
Câu 39: Cơ sở trực tiếp hình thành và phân chia giai cấp trong xã hội là do:,A.	Chiếm đoạt tư liệu sản xuất của công thành của riêng,B.	Chiến tranh của các bộ lạc,C.	Sản xuất ngày càng phát triển,D.	Của cải trong xã hội ngày càng nhiều
"Câu 40: Theo quan điểm của triết học Mác-Lênin, trong thời đại ngày nay, hình thái ý thức xã hội nào có sự tác động mạnh mẽ và sâu sắc đối với các hình thái ý thức xã hội khác? ",A.	Đạo đức,B.	Tôn giáo,C.	Chính trị,D.	Nghệ thuật
"Câu 41: Theo quan điểm của triết học Mác-Lênin, cơ sở để xác định sự khác nhau của các giai cấp trong một xã hội nhất định là gì?",A.	Giới tính,B.	Quan hệ sản xuất,C.	Nghề nghiệp,D.	Trình độ
Câu 42: Điền từ thích hợp vào chỗ trống: Tiến trình phát triển của lịch sử loài người (sự thay thế lẫn nhau giữa các hình thái kinh tế - xã hội) là một quá trình  ……,A.	xã hội – tự nhiên,B.	tự nhiên – xã hội,C.	lịch sử - xã hội,D.	lịch sử - tự nhiên
"Câu 43: Điền vào chỗ trống: Hình thái kinh tế - xã hội là phạm trù triết học dùng để chỉ xã hội ở một giai đoạn lịch sử nhất định, với một kiểu ….. đặc trưng cho xã hội đó, phù hợp với một trình độ nhất định của lực lượng sản xuất và một kiến trúc thượng tầng tương ứng được xây dựng trên những quan hệ sản xuất ấy.",A.	quan hệ sở hữu,"B.	quan hệ tổ chức, quản lý",C.	quan hệ phân phối,D.	quan hệ sản xuất
"Câu 44: Điền vào chỗ trống: Hình thái kinh tế - xã hội là phạm trù triết học dùng để chỉ xã hội ở một giai đoạn lịch sử nhất định, với một kiểu …… đặc trưng cho xã hội đó, phù hợp với một trình độ nhất định của .... và một …… tương ứng được xây dựng trên những quan hệ sản xuất ấy. ",A.	kiến trúc thượng tầng …. cơ sở hạ tầng …. lực lượng sản xuất ,B.	quan hệ sản xuất… lực lượng sản xuất …. kiến trúc thượng tầng,C.	quan hệ sản xuất… lực lượng sản xuất…cơ sở hạ tầng,D.	lực lượng sản xuất … quan hệ sản xuất … kiến trúc thượng tầng
"Câu 45: Điền vào chỗ trống: Hình thái kinh tế - xã hội là phạm trù triết học dùng để chỉ xã hội ở một giai đoạn lịch sử nhất định, với một kiểu quan hệ sản xuất đặc trưng cho xã hội đó, phù hợp với một trình độ nhất định của …… và một kiến trúc thượng tầng tương ứng được xây dựng trên những quan hệ sản xuất ấy.",A.	người lao động,B.	lực lượng sản xuất,C.	đối tượng lao động,D.	công cụ lao động
"Câu 46: Điền từ thích hợp vào chỗ trống: ……. về tư liệu sản xuất là quan hệ giữa các tập đoàn người trong việc chiếm hữu, sử dụng các tư liệu sản xuất xã hội",A.	Quan hệ sở hữu,B.	Quan hệ quản lý,C.	Quan hệ phân phối,D.	Không có đáp án đúng
"Câu 47: Chọn phương án đúng nhất để điền từ thích hợp vào chỗ trống: Quan hệ sở hữu về …… là quan hệ giữa các tập đoàn người trong việc chiếm hữu, sử dụng các tư liệu sản xuất xã hội",A.	Tư liệu sinh hoạt,B.	Tư liệu sản xuất,C.	Tư liệu tiêu dùng,D.	Không có đáp án đúng
"Câu 48: Theo chủ nghĩa duy vật lịch sử, trong xã hội có giai cấp:",A.	Bất cứ giai cấp nào cũng có thể làm cho hệ tư tưởng của nó trở thành hệ tư tưởng thống trị trong toàn xã hội,B.	Chỉ có đội ngũ trí thức mới có thể làm cho hệ tư tưởng của nó trở thành hệ tư tưởng thống trị trong toàn xã hội ,C.	Chỉ có giai cấp nắm quyền sở hữu tư liệu sản xuất chủ yếu mới có thể làm cho hệ tư tưởng của nó trở thành hệ tư tưởng thống trịtrong toàn xã hội,D.	Chỉ có giai cấp ưu tú trong xã hội mới có thể làm cho hệ tư tưởng của nó trở thành tư tưởng thống trị trong toàn xã hội
"Câu 49: Theo quan điểm của chủ nghĩa duy vật tầm thường, yếu tố duy nhất quyết định sự phát triển của xã hội là:",A.	Kinh tế,B.	Sản xuất tinh thần,C.	Điều kiện tự nhiên,D.	Dân số
Câu 50: Xét đến cùng nhân tố quyết định sự thắng lợi của một chế độ xã hội mới theo quan điểm của chủ nghĩa duy vật lịch sử là:,A.	Sức mạnh của nhà nước,B.	Sức mạnh của pháp luật,C.	Năng suất lao động xã hội,D.	Hiệu quả hoạt động của hệ thống chính trị
"Câu 51: Điền cụm từ vào chỗ trống sau: Theo chủ nghĩa duy vật lịch sử, cơ sở hạ tầng là phương diện ... của xã hội.",A.	Kinh tế,B.	Chính trị,C.	Xã hội,D.	Văn hóa
Câu 52: Điền cụm từ thích hợp vào chỗ trống sau: Quy luật quan hệ sản xuất phù hợp với trình độ phát triển của lực lượng sản xuất là …… của sự vận động và phát triển xã hội.,A.	Quy luật cơ bản nhất,B.	Quy luật đặc thù,C.	Quy luật riêng,D.	Không có đáp án đúng 
Câu 53: Điền cụm từ thích hợp vào chỗ trống sau: Sự phù hợp giữa quan hệ sản xuất với trình độ phát triển của lực lượng sản xuất đòi hỏi tất yếu thiết lập ………. về tư liệu sản xuất chủ yếu.,A.	chế độ tư hữu tư bản chủ nghĩa,B.	chế độ công hữu,C.	chế độ tư hữu,D.	không có đáp án đúng
Câu 54: Điền cụm từ thích hợp vào chỗ trống sau: …………là toàn bộ những quan hệ sản xuất của một xã hội trong sự vận động hiện thực của chúng hợp thành cơ cấu kinh tế của xã hội đó.,A.	Cơ sở hạ tầng,B.	Quan hệ sản xuất,C.	Lực lượng sản xuất,D.	Kiến trúc thượng tầng
"Câu 55: Điền cụm từ thích hợp vào chỗ trống sau: Trong cơ sở hạ tầng, QHSX ……. đặc trưng cho cơ sở hạ tầng của xã hội đó.",A.	tàn dư,B.	mầm mống (mới),C.	thống trị,D.	không có phương án đúng
Câu 56: Điền từ thích hợp vào chỗ trống	là tổng thể các giai cấp và mối quan hệ giữa các giai cấp tồn tại trong một giai đoạn lịch sử nhất định.,A.	Kết cấu kinh tế,B.	Kết cấu văn hóa,C.	Kết cấu xã hội - giai cấp,D.	Không có đáp án đúng
Câu 57: Điền từ thích hợp vào những chỗ trống: Kết cấu xã hội - giai cấp là tổng thể các ….. và mối quan hệ giữa các	tồn tại trong một giai đoạn lịch sử nhất định.,A.	giai cấp/dân tộc,B.	thiết chế/giai cấp,C.	giai cấp/giai cấp,D.	Không có đáp án đúng
"Câu 58: Chọn phương án đúng nhất: Theo chủ nghĩa duy vật lịch sử, tồn tại xã hội bao gồm những yếu tố:","A.	Lực lượng sản xuất, điều kiện tự nhiên, dân cư","B.	Quan hệ sản xuất, điều kiện tự nhiên - hoàn cảnh địa lý, dân cư","C.	Phương thức sản xuất vật chất, điều kiện tự nhiên - hoàn cảnh địa lý, dân cư","D.	Phương thức sản xuất tinh thần, điều kiện tự nhiên, dân cư"
"Câu 59: Theo chủ nghĩa duy vật lịch sử, chủ thể chân chính sáng tạo ra lịch sử là:",A.	Cá nhân,B.	Lãnh tụ,C.	Quần chúng nhân dân,D.	Tất cả các phương án đều sai
"Câu 60: Theo chủ nghĩa duy vật lịch sử, nếu quan hệ sản xuất không phù hợp với trình độ phát triển của lực lượng sản xuất, thì...",A.	Thúc đẩy sự phát triển của lực lượng sản xuất,B.	Kìm hãm sự phát triển của lực lượng sản xuất,C.	Không làm thay đổi sự phát triển của lực lượng sản xuất,D.	Vừa thúc đẩy và vừa kìm hãm sự phát triển của lực lượng sản xuất
"Câu 61: Điền từ vào chỗ trống: Sản xuất vật chất là quá trình con người sử dụng ….. tác động vào tự nhiên, cải biến các dạng vật chất của giới tự nhiên nhằm tạo ra của cải vật chất thỏa mãn nhu cầu tồn tại và phát triển của con người.",A.	Công cụ lao động,B.	Sức mạnh tinh thần,C.	Đối tượng lao động,D.	Năng suất lao động
Câu 62: Sản xuất xã hội bao gồm:,A.	Sản xuất vật chất,B.	Sản xuất tinh thần ,C.	Sản xuất ra bản thân con người,"D.	Cả A, B, C"
"Câu 63: Trong quan hệ sản xuất, quan hệ nào giữ vai trò quyết định?","A.	Quan hệ tổ chức, quản lý quá trình sản xuất",B.	Quan hệ sở hữu tư liệu sản xuất,C.	Quan hệ phân phối sản phẩm,"D.	Cả A, B, C đều sai"
Câu 64: Điền từ vào chỗ trống: … là tổng hợp các quan hệ kinh tế - vật chất giữa người với người trong quá trình sản xuất vật chất.,A.	Kiến thúc thượng tầng,B.	Quan hệ sản xuất,C.	Lực lượng sản xuất,D.	Tư liệu sản xuất
"Câu 65: Điền từ vào chỗ trống: Sản xuất vật chất là quá trình con người sử dụng….......tác động vào tự nhiên, cải biến các dạng vật chất của giới tự nhiên nhằm tạo ra của cải vật chất thỏa mãn nhu cầu tồn tại và phát triển của con người.",A.	Công cụ lao động,B.	Sức mạnh tinh thần,C.	Đối tượng lao động,D.	Năng suất lao động
Câu 66: Sản xuất xã hội bao gồm:,A.	Sản xuất vật chất,B.	Sản xuất tinh thần,C.	Sản xuất ra bản thân con người,"D.	Cả A, B, C"
Câu 67: Điền thuật ngữ thích hợp vào chỗ trống: Lực lượng sản xuất là sự kết hợp giữa…………… tạo ra sức sản xuất và năng lực thực tiễn làm biến đổi các đối tượng vật chất của giới tự nhiên theo nhu cầu nhất định của con người và xã hội.,A.	người lao động với tư liệu sản xuất ,B.	cơ sở hạ tầng và kiến trúc thượng tầng,C.	tồn tại xã hội và ý thức xã hội,D.	vật chất và ý thức
"Câu 68: Điền từ thích hợp vào chỗ trống.............là điều kiện vật chất cần thiết để tổ chức sản xuất, bao gồm tư liệu lao động và đối tượng lao động.",A.	Quan hệ lao động,B.	Tư liệu sản xuất,C.	Quan hệ sản xuất,D.	Tồn tại xã hội
"Câu 69: Điền từ thích hợp vào chỗ trống	là những yếu tố vật chất của sản xuất mà lao động con người dùng tư liệu lao động tác động lên, nhằm biến đổi chúng cho phù hợp với mục đích sử dụng của con người.",A.	Đối tượng lao động,B.	Người lao động,C.	Công cụ lao động,D.	Không có phương án đúng
Câu 70: Điền từ thích hợp vào chỗ trống	là những phương tiện vật chất mà con người trực tiếp sử dụng để tác động vào đối tượng lao động nhằm biến đổi chúng nhằm tạo ra của cải vật chất phục vụ nhu cầu con người và xã hội.,A.	Quan hệ sản xuất,B.	Công cụ lao động,C.	Ý thức xã hội,D.	Kiến trúc thượng tầng
Câu 71: Điền từ thích hợp vào chỗ trống: Tính chất của lực lượng sản xuất nói lên tính chất cá nhân hoặc tính chất xã hội hoá trong việc sử dụng  …….,A.	Người lao động,B.	Tư liệu sản xuất,C.	Tư liệu sinh hoạt,D.	Con người 
Câu 72: Điền từ thích hợp vào chỗ trống: Quan hệ sản xuất là tổng hợp các …… giữa người với người trong quá trình sản xuất vật chất.,A.	Quan hệ chính trị - xã hội,B.	Quan hệ tinh thần – tưởng,C.	Quan hệ kinh tế - vật chất,D.	Quan hệ sản xuất và tiêu dùng
"Câu 73: Theo C. Mác, sự phát triển của các hình thái kinh tế - xã hội là một quá trình lịch sử - tự nhiên. Nghĩa là:",A.	Sự phát triển của lịch sử nhân loại chỉ do các quy luật tự nhiên chi phối,B.	Sự phát triển của lịch sử nhân loại theo mục đích đã được định sẵn của lực lượng siêu tự nhiên,C.	Ý chí của con người không có vai trò gì đối với quá trình lịch sử,D.	Sự phát triển của lịch sử nhân loại về cơ bản chịu sự tác động của các quy luật khách quan
Câu 74: Sự thay đổi của kiến trúc thượng tầng chỉ có nguyên nhân duy nhất từ sự thay đổi của cơ sở hạ tầng. Ý kiến đó ĐÚNG hay SAI? Vì sao?,"A.	Đúng, vì cơ sở hạ tầng như thế nào thì kiến trúc thượng tầng như thế ấy","B.	Sai, vì kiến trúc thượng tầng quyết định cơ sở hạ tầng","C.	Đúng, vì cơ sở hạ tầng biến đổi thì kiến trúc thượng tầng cũng biến đổi theo","D.	Sai, vì dù cơ sở hạ tầng quyết định kiến trúc thượng tầng nhưng kiến trúc thượng tầng có tính độc lập tương đối"
Câu 75: Mâu thuẫn đối kháng giữa các giai cấp là do…,"A.	Sự khác nhau về tư tưởng, lối sống",B.	Sự đối lập về lợi ích cơ bản – lợi ích kinh tế,C.	Sự khác nhau giữa giàu và nghèo,D.	Sự khác nhau về mức thu nhập
"Câu 76: Theo chủ nghĩa duy vật lịch sử, giai cấp nắm giữ quyền lực nhà nước là giai cấp:",A.	Có tư tưởng cách mạng nhất,B.	Đại biểu cho ý chí của tất cả các giai cấp xã hội,C.	Nắm giữ tư liệu sinh hoạt chủ yếu của xã hội,D.	Nắm giữ tư liệu sản xuất chủ yếu của xã hội
"Câu 77: Điền từ thích hợp vào chỗ trống: ………về tư liệu sản xuất là quan hệ giữa các tập đoàn người trong việc chiếm hữu, sử dụng các tư liệu sản xuất xã hội",A.	Quan hệ sở hữu,B.	Quan hệ quản lý,C.	Quan hệ phân phối,D.	Không có đáp án đúng
Câu 78: Vai trò của đấu tranh giai cấp trong lịch sử nhân loại?,A.	Là động lực cơ bản của sự phát triển xã hội.,B.	Là một động lực quan trọng của sự phát triển xã hội trong các xã hội có giai cấp,C.	Thay thế các hình thái kinh tế – xã hội từ cao đến thấp,D.	Lật đổ ách thống trị của giai cấp thống trị
"Câu 79: Chọn phương án đúng nhất để điền từ thích hợp vào chỗ trống: Quan hệ sở hữu về …… là quan hệ giữa các tập đoàn người trong việc chiếm hữu, sử dụng các tư liệu sản xuất xã hội",A.	Tư liệu sinh hoạt ,B.	Tư liệu sản xuất ,C.	Tư liệu tiêu dùng,D.	Không có đáp án đúng
"Câu 80: Theo chủ nghĩa duy vật lịch sử, trong xã hội có giai cấp:",A.	Bất cứ giai cấp nào cũng có thể làm cho hệ tư tưởng của nó trở thành hệ tư tưởng thống trị trong toàn xã hội,B.	Chỉ có đội ngũ trí thức mới có thể làm cho hệ tư tưởng của nó trở thành hệ tư tưởng thống trị trong toàn xã hội,C.	Chỉ có giai cấp nắm quyền sở hữu tư liệu sản xuất chủ yếu mới có thể làm cho hệ tư tưởng của nó trở thành hệ tư tưởng thống trịtrong toàn xã hội,D.	Chỉ có giai cấp ưu tú trong xã hội mới có thể làm cho hệ tư tưởng của nó trở thành tư tưởng thống trị trong toàn xã hội
"Câu 81: Theo quan điểm của chủ nghĩa duy vật tầm thường, yếu tố duy nhất quyết định sự phát triển của xã hội là: ",A.	Kinh tế,B.	Sản xuất tinh thần,C.	Điều kiện tự nhiên,D.	Dân số
Câu 82: Xét đến cùng nhân tố quyết định sự thắng lợi của một chế độ xã hội mới theo quan điểm của chủ nghĩa duy vật lịch sử là:,A.	Sức mạnh của nhà nước,B.	Sức mạnh của pháp luật,C.	Năng suất lao động xã hội,D.	Hiệu quả hoạt động của hệ thống chính trị
"Câu 83: Khái niệm nào sau đây được dùng để chỉ một cộng đồng người ổn định được hình thành trong lịch sử trong một lãnh thổ nhất định, có chung mối liên hệ về kinh tế, ngôn ngữ và một nền văn hóa?",A.	Bộ lạc,B.	Dân tộc,C.	Quốc gia,D.	Bộ tộc
"Câu 84: Theo chủ nghĩa duy vật lịch sử, sự phân chia giai cấp có nguồn gốc trực tiếp từ:",A.	Chế độ chiếm hữu tư nhân về tư liệu sản xuất,B.	Chiến tranh,"C.	Thần Linh, Thượng Đế",D.	Sự khác biệt về trí tuệ
Câu 85: Chọn phương án đúng nhất để điền từ thích hợp vào chỗ trống: ……… là quan hệ giữa các tập đoàn người trong việc tổ chức sản xuất và phân công lao động.,A.	Quan hệ sỡ hữu,"B.	Quan hệ tổ chức, quản lý",C.	Quan hệ phân phối,D.	Không có phương án đúng 
"Câu 86: Chọn phương án đúng nhất để điền từ thích hợp vào chỗ trống: …… là quan hệ giữa các tập đoàn người trong việc phân phối sản phẩm lao động xã hội, nói lên cách thức và quy mô của cải vật chất mà các tập đoàn người được hưởng.",A.	Quan hệ về phân phối sản phẩm lao động,"B.	Quan hệ tổ chức, quản lý",C.	Quan hệ phân phối,D.	Không có phương án đúng
"Câu 87: Chọn phương án SAI: Theo chủ nghĩa duy vật lịch sử, nhà nước...",A.	Ra đời cùng sự xuất hiện của con người,B.	Là sản phẩm và biểu hiện của những mâu thuẫn đối kháng giai cấp không thể điều hòa được,C.	Xuất hiện và tồn tại trong một giai đoạn phát triển nhất định của xã hội loài người,D.	Xuất hiện và tồn tại trong những xã hội có đối kháng giai cấp
"Câu 88: Điền cụm từ thích hợp vào chỗ trống sau: Lực lượng sản xuất là tổng hợp các yếu tố ... và ... tạo thành sức mạnh thực tiễn cải biến giới tự nhiên theo nhu cầu sinh tồn, phát triển của con người.",A.	Người lao động/công cụ lao động,B.	Vật chất/tinh thần,C.	Vật chất/khoa học,D.	Năng suất lao động/khoa học
"Câu 89: Điền cụm từ vào chỗ trống sau: Theo chủ nghĩa duy vật lịch sử, cơ sở hạ tầng là phương diện của xã hội.",A.	Kinh tế,B.	Chính trị,C.	Xã hội,D.	Văn hóa
Câu 90: Điền cụm từ thích hợp vào chỗ trống sau: Quy luật quan hệ sản xuất phù hợp với trình độ phát triển của lực lượng sản xuất là …… của sự vận động và phát triển xã hội. ,A.	Quy luật cơ bản nhất,B.	Quy luật đặc thù,C.	Quy luật riêng,D.	Không có đáp án đúng
Câu 91: Điền cụm từ thích hợp vào chỗ trống sau: Sự phù hợp giữa quan hệ sản xuất với trình độ phát triển của lực lượng sản xuất đòi hỏi tất yếu thiết lập …. về tư liệu sản xuất chủ yếu.,A.	chế độ tư hữu tư bản chủ nghĩa,B.	chế độ công hữu,C.	chế độ tư hữu,D.	không có đáp án đúng
"Câu 92: Theo chủ nghĩa duy vật lịch sử, cách mạng xã hội giữ vai trò là một trong những của sự phát triển xã hội.","A.	Hình thức, động lực","B.	Phương thức, động lực","C.	Phương hướng, động lực","D.	Mục tiêu, động lực"
"Câu 93: Điền cụm từ đúng nhất: Theo nghĩa hẹp, ... là việc lật đổ một chế độ chính trị đã lỗi thời và thiết lập một chế độ chính trị tiến bộ hơn của giai cấp cách mạng.",A.	Cách mạng xã hội,B.	Cách mạng khoa học và công nghệ,C.	Đấu tranh giai cấp,D.	Cách mạng nông nghiệp
Câu 94: Theo chủ nghĩa duy vật lịch sử: Yếu tố nào sau đây KHÔNG thuộc cấu trúc của hình thái kinh tế - xã hội?,A.	Lực lượng sản xuất,B.	Quan hệ sản xuất,C.	Kiến trúc thượng tầng,D.	Điều kiện tự nhiên 
Câu 95: Điền cụm từ thích hợp vào chỗ trống sau: …………là toàn bộ những quan hệ sản xuất của một xã hội trong sự vận động hiện thực của chúng hợp thành cơ cấu kinh tế của xã hội đó.,A.	Cơ sở hạ tầng ,B.	Quan hệ sản xuất ,C.	Lực lượng sản xuất ,D.	Kiến trúc thượng tầng
"Câu 96: Điền cụm từ thích hợp vào chỗ trống sau: Trong cơ sở hạ tầng, quan hệ sản xuất	đặc trưng cho cơ sở hạ tầng của xã hội đó.",A.	tàn dư,B.	mầm mống (mới),C.	thống trị,D.	không có phương án đúng
"Câu 97: Chọn phương án đúng nhất: Xuất phát từ cơ sở lý luận nào của chủ nghĩa Mác - Lênin, Đảng Cộng sản Việt Nam khẳng định: Việt Nam thực hiện quá độ lên chủ nghĩa xã hội bỏ qua chế độ tư bản chủ nghĩa?",A.	Học thuyết giai cấp và đấu tranh giai cấp,B.	Lí luận về cách mạng xã hội,C.	Học thuyết hình thái kinh tế - xã hội,D.	Học thuyết giá trị
"Câu 98: Điền cụm từ đúng vào những chỗ trống sau: Khái niệm ý thức xã hội dùng để chỉ phương diện sinh hoạt tinh thần của xã hội, nảy sinh từ ……. và phản ánh …. trong những giai đoạn phát triển nhất định.",A.	tồn tại xã hội/ý thức xã hội,B.	lực lượng sản xuất và quan hệ sản xuất,C.	tồn tại xã hội/cơ sở hạ tầng,D.	tồn tại xã hội/tồn tại xã hội
"Câu 99: Điền cụm từ đúng: Khái niệm ... dùng để chỉ toàn bộ những tri thức, những quan niệm của những con người trong một cộng đồng người nhất định, được hình thành trực tiếp từ hoạt động thực tiễn hàng ngày chưa được hệ thống hóa, khái quát hóa thành lí luận. ",A.	ý thức lí luận,B.	ý thức chính trị,C.	ý thức xã hội thông thường,D.	hệ tư tưởng
"Câu 100: Điền cụm từ đúng: Khái niệm ... là những tư tưởng, quan điểm đã được hệ thống hóa, khái quát hóa thành các học thuyết xã hội, được trình bày dưới dạng những khái niệm, phạm trù, quy luật.",A.	ý thức lý luận,B.	tâm lý xã hội,C.	ý thức xã hội thông thường,D.	ý thức cá nhân
Câu 101: Theo chủ nghĩa duy vật lịch sử: Sự ra đời và tồn tại của Nhà nước nhằm...,A.	Điều hòa mâu thuẫn giai cấp,B.	Giải quyết mâu thuẫn giai cấp,C.	Bảo vệ lợi ích của mọi giai cấp trong xã hội,D.	Bảo vệ trật tự xã hội theo ý chí và lợi ích của giai cấp thống trịkinh tế
"Câu 102: Theo chủ nghĩa duy vật lịch sử, bộ máy tổ chức quyền lực và thực thi quyền lực đặc biệt của xã hội trong điều kiện xã hội có đối kháng giai cấp là...",A.	Các đảng phái,B.	Giáo hội,C.	Các tổ chức chính trị - xã hội,D.	Nhà nước
Câu 103: Nhà nước đầu tiên trong lịch sử là kiểu nhà nước nào?,A.	Nhà nước phong kiến,B.	Nhà nước chủ nô,C.	Nhà nước tư sản,D.	Nhà nước vô sản
"Câu 104: Theo chủ nghĩa duy vật lịch sử, nguyên nhân sâu xa của sự phát triển của các hình thái kinh tế - xã hội trong lịch sử là: ",A.	Ý muốn chủ quan của con người,B.	Sự phát triển của quan hệ sản xuất,C.	Ý muốn của Thượng Đế,D.	Sự phát triển của lực lượng sản xuất
"Câu 105: Điền cụm từ đúng: Khái niệm ... là toàn bộ đời sống tình cảm, tâm trạng, khát vọng, ý chí của những người trong cộng đồng người nhất định; phản ánh trực tiếp và tự phát đối với hoàn cảnh sống của họ.",A.	ý thức lí luận,B.	ý thức chính trị,C.	tâm lý xã hội,D.	hệ tư tưởng
"Câu 106: Điền cụm từ đúng: Khái niệm ... là toàn bộ các hệ thống quan niệm, quan điểm xã hội như: chính trị, triết học, đạo đức, nghệ thuật, tôn giáo; là sự phán ánh gián tiếp và tự giác đối với tồn tại xã hội.",A.	ý thức xã hội thông thường,B.	tâm lý xã hội,C.	hệ tư tưởng,D.	tồn tại xã hội
Câu 107: Điền cụm từ đúng vào chỗ trống: Cơ sở hạ tầng là toàn bộ những quan hệ sản xuất của một xã hội trong sự vận động hiện thực của chúng hợp thành …. của xã hội đó.,A.	cơ cấu kinh tế,B.	cơ cấu giai cấp,C.	cơ cấu xã hội,D.	cơ cấu chính trị
"Câu 108: Điền cụm từ đúng vào chỗ trống sau: Khái niệm dùng để chỉ toàn bộ hệ thống kết cấu các hình thái ý thức xã hội cùng với các thiết chế chính trị - xã hội tương ứng, được hình thành trên một cơ sở hạ tầng nhất định.",A.	cơ sở hạ tầng,B.	kiến trúc thượng tầng ,C.	lực lượng sản xuất,D.	tồn tại xã hội
"Câu 109: Chọn phương án đúng nhất: Theo chủ nghĩa duy vật lịch sử, tiêu chuẩn khách quan để phân biệt các thời đại kinh tế là:",A.	Người lao động,B.	Công cụ lao động,C.	Đối tượng lao động,D.	Sản phẩm được sản xuất ra trong quá trình lao động
"Câu 110: Theo chủ nghĩa duy vật lịch sử, nguồn gốc, động lực cơ bản nhất của mọi quá trình vận động, phát triển xã hội là:",A.	Sự phát triển của quan hệ sản xuất,B.	Sự phát triển của nhà nước,C.	Sự phát triển của lực lượng sản xuất,D.	Sự phát triển của văn hoá
"Câu 111: Theo chủ nghĩa duy vật lịch sử, trong kiến trúc thượng tầng của một xã hội có giai cấp, yếu tố tác động mạnh mẽ và trực tiếp nhất tới cơ sở hạ tầng là:",A.	Ý thức tôn giáo,B.	Ý thức khoa học,C.	Nhà nước,D.	Ý thức chính trị
"Câu 112: Theo Ph. Ăngghen, điểm khác nhau căn bản, phân biệt loài người với loài vật là:",A.	Ý thức,B.	Ngôn ngữ,C.	Văn hóa,D.	Sản xuất
Câu 113: Điền từ thích hợp vào chỗ trống: Những biến đổi căn bản của ….. sớm hay muộn sẽ dẫn đến sự biến đổi căn bản trong kiến trúc thượng tầng.,A.	Cơ sở hạ tầng ,B.	Kiến trúc thượng tầng ,C.	Lực lượng sản xuất,D.	Tồn tại xã hội
Câu 114: Điền từ thích hợp vào chỗ trống: Cơ sở kinh tế của bộ lạc là ….. về đất đai và công cụ sản xuất.,A.	chế độ công hữu,B.	chế độ tư hữu,C.	chế độ chiếm hữu,D.	Không có đáp án đúng
"Câu 115: Quan điểm cho rằng, tồn tại xã hội quyết định ý thức xã hội nhưng đồng thời ý thức xã hội lại có tính độc lập tương đối là quan điểm của….",A.	chủ nghĩa duy vật lịch sử,B.	chủ nghĩa duy tâm,C.	chủ nghĩa duy vật siêu hình,D.	chủ nghĩa duy vật chất phác
Câu 116: Điền từ vào chỗ trống: Chọn câu trả lời đúng theo quan điểm của Ph.,Ăngghen: Con người là một động vật….,A.	biết tư duy,B.	biết ứng xử,C.	biết giao tiếp
"Câu 117: Theo chủ nghĩa duy vật lịch sử, giữa lực lượng sản xuất và quan hệ sản xuất thì...",A.	Quan hệ sản xuất quyết định lực lượng sản xuất,"B.	Lực lượng sản xuất và quan hệ sản xuất tồn tại biệt lập, tách rời",C.	Lực lượng sản xuất tồn tại bên cạnh quan hệ sản xuất,D.	Lực lượng sản xuất quyết định quan hệ sản xuất và quan hệ sản xuất có tác động trở lại đối với lực lượng sản xuất
"Câu 118: Chọn phương án đúng nhất: Theo chủ nghĩa duy vật lịch sử, trong mối quan hệ giữa tồn tại xã hội và ý thức xã hội thì:",A.	Tồn tại xã hội quyết định ý thức xã hội,B.	Ý thức xã hội quyết định tồn tại xã hội ,C.	Tồn tại xã hội và ý thức xã hội tác động với nhau và quyết định lẫn nhau,D.	Tồn tại xã hội quyết định ý thức xã hội và ý thức xã hội có thể tác động trở lại đối với tồn tại xã hội
"Câu 119: Theo chủ nghĩa duy vật lịch sử, yếu tố cơ bản nhất của tồn tại xã hội là... ?",A.	Phương thức sản xuất vật chất,B.	Điều kiện tự nhiên - hoàn cảnh địa lý,C.	Dân cư,D.	Phương thức sản xuất tinh thần
"Câu 120: Theo chủ nghĩa duy vật lịch sử, cơ sở hạ tầng của xã hội dùng để chỉ:","A.	Hệ thống điện, đường, trường, trạm...",B.	Cơ sở vật chất của xã hội,C.	Toàn bộ những quan hệ sản xuất hợp thành cơ cấu kinh tế của xã hội,"D.	Đất đai, tài nguyên của quốc gia"
"Câu 121: Chọn phương án đúng nhất: Theo chủ nghĩa duy vật lịch sử, trong xã hội có giai cấp, ý thức xã hội luôn luôn:",A.	Không mang tính giai cấp,B.	Mang bản chất của giai cấp thống trị,C.	Mang bản chất của giai cấp bị trị,D.	Tất cả các phương trên đều sai
"Câu 122: Điền từ vào chỗ trống: Trong nhận thức và thực tiễn, nếu tuyệt đối hoá kinh tế, hạ thấp hoặc phủ nhận yếu tố chính trị là rơi vào ….",A.	chủ nghĩa duy vật biện chứng,B.	chủ nghĩa duy vật tầm thường,C.	chủ nghĩa duy tâm,D.	chủ nghĩa duy vật lịch sử
"Câu 123: Điền từ vào chỗ trống: Trong nhận thức và thực tiễn, nếu tuyết đối hoá về chính trị, hạ thấp hoặc phủ định vai trò của kinh tế sẽ dẫn đến ….",A.	chủ nghĩa duy vật biện chứng,B.	chủ nghĩa duy vật tầm thường,C.	chủ nghĩa duy tâm ,D.	chủ nghĩa duy vật lịch sử
"Câu 124: Theo chủ nghĩa duy vật lịch sử, nếu quan hệ sản xuất phù hợp với trình độ phát triển của lực lượng sản xuất, thì...",A.	Thúc đẩy sự phát triển của lực lượng sản xuất,B.	Kìm hãm sự phát triển của lực lượng sản xuất,C.	Không thay đổi sự phát triển của lực lượng sản xuất,D.	Vừa kìm hãm và vừa thúc đẩy sự phát triển của lực lượng sản xuất
"Câu 125: Chọn phương án đúng nhất: Theo chủ nghĩa duy vật lịch sử, trình độ của lực lượng sản xuất thể hiện ở:",A.	Trình độ công cụ lao động và người lao động,B.	Trình độ tổ chức và phân công lao động xã hội,C.	Trình độ ứng dụng khoa học và công nghệ vào sản xuất,D.	Tất cả các phương án đều đúng
Câu 126: Chọn phương án đúng nhất: Mục tiêu cuối cùng của đấu tranh giai cấp của giai cấp vô sản trong thời kì quá độ lên CNXH ở Việt Nam là [... ].,A.	Xây dựng thành công CNXH,B.	Xây dựng cơ sở vật chất,"C.	Thực hiện CNH, HĐH đất nước",D.	Xây dựng đất nước giàu mạnh
Câu 127: Chọn phương án đúng nhất: Đấu tranh giai cấp đạt tới đỉnh cao thường dẫn đến [... ].,A.	Thỏa hiệp,B.	Cách mạng xã hội,C.	Bạo lực,D.	Ra đời chế độ xã hội mới
"Câu 128: Chọn phương án đúng nhất: Theo chủ nghĩa duy vật lịch sử, yếu tố nào trong tư liệu sản xuất thường xuyên biến đổi nhất?",A.	Con người và công cụ lao động,B.	Đối tượng lao động và tư liệu lao động,C.	Công cụ lao động,D.	Công cụ lao động và đối tượng lao động 
"Câu 129: Điền từ vào chỗ trống: Trong thời kỳ đổi mới đất nước, Đảng Cộng sản Việt Nam chủ trương đổi mới toàn diện cả ……..",A.	kinh tế và chính trị,B.	văn hóa và xã hội,C.	giáo dục và văn hóa,D.	chính trị và văn hóa
Câu 130: Điền từ thích hợp vào chỗ trống: Nguồn gốc trực tiếp dẫn đến sự xuất hiện giai cấp là do sự ra đời và tồn tại của ……,A.	chế độ chiếm hữu tư nhân về tư liệu sản xuất,B.	chế độ công hữu về tư liệu sản xuất,C.	chế độ nhà nước,D.	không có đáp án đúng
Câu 131: Điền từ thích hợp vào chỗ trống: Nguồn gốc sâu xa dẫn đến sự xuất hiện giai cấp là do sự phát triển của ……,A.	quan hệ sản xuất,B.	lực lượng sản xuất,C.	cơ sở hạ tầng,D.	kiến trúc thượng tầng
"Câu 132: Theo chủ nghĩa duy vật lịch sử, chủ thể chân chính sáng tạo ra lịch sử là:",A.	Cá nhân,B.	Lãnh tụ,C.	Quần chúng nhân dân,D.	Giai cấp công nhân
"Câu 133: Theo chủ nghĩa duy vật lịch sử, nếu quan hệ sản xuất không phù hợp với trình độ phát triển của lực lượng sản xuất, thì...",A.	Thúc đẩy sự phát triển của lực lượng sản xuất,B.	Kìm hãm sự phát triển của lực lượng sản xuất,C.	Không làm thay đổi sự phát triển của lực lượng sản xuất,D.	Vừa thúc đẩy và vừa kìm hãm sự phát triển của lực lượng sản xuất
Câu 134: Chọn phương án trả lời đúng nhất điền vào chỗ trống sau: Đấu tranh giai cấp là tất yếu do sự đối lập về …… căn bản không thể điều hoà được giữa các giai cấp.,A.	Tư tưởng,B.	Văn hóa,C.	Lợi ích,D.	Không có phướng án đúng
"Câu 135: Chọn phương án trả lời đúng nhất điền vào chỗ trống sau: Nội dung của cuộc đấu tranh giai cấp trong thời kỳ quá độ lên chủ nghĩa xã hội ở Việt Nam hiện nay là thực hiện thắng lợi mục tiêu độc lập dân tộc và ……………., xây dựng một xã hội dân giàu, nước mạnh, dân chủ, công bằng, văn minh.",A.	chủ nghĩa xã hội,B.	chủ nghĩa tư bản,C.	cách mạng công nghệ,D.	không có đáp án đúng
"Câu 136: Theo chủ nghĩa duy vật lịch sử, bộ máy tổ chức quyền lực và thực thi quyền lực đặc biệt của xã hội trong điều kiện xã hội có đối kháng giai cấp là...",A.	Các đảng phái,B.	Giáo hội,C.	Các đoàn thể xã hội,D.	Nhà nước
"Câu 137: Theo chủ nghĩa duy vật lịch sử, muốn tìm nguồn gốc của tư tưởng, tâm lý xã hội cần phải tìm ở trong...",A.	đầu óc của con người,"B.	bản thân tư tưởng, quan điểm",C.	hiện thực vật chất,D.	tất cả các phương án đều sai
"Câu 138: Theo chủ nghĩa duy vật lịch sử, về bản chất, nhà nước là...","A.	Của dân, do dân và vì dân",B.	Bộ máy tập trung quyền lực của giai cấp nắm quyền thống trịkinh tế,C.	Chung của mọi giai cấp,D.	Tất cả các phương án đều sai
"Câu 139: Điền từ vào chỗ trống: Theo quan điểm duy vật lịch sử, bản chất con người là ….",A.	Ác,B.	Thiện,C.	Tổng hòa các quan hệ xã hội,"D.	Không thiện, không ác"
Câu 140: Chọn phương án đúng nhất: Sự ra đời và tồn tại của Nhà nước nhằm...,A.	Điều hòa mâu thuẫn giai cấp,B.	Giải quyết mâu thuẫn giai cấp,C.	Bảo vệ lợi ích của mọi giai cấp trong xã hội,D.	Bảo vệ trật tự xã hội theo ý chí và lợi ích của giai cấp thống trịkinh tế
Câu 141: Chọn phương án đúng nhất: Quy luật về sự phù hợp của quan hệ sản xuất với trình độ phát triển của lực lượng sản xuất là quy luật ... của sự phát triển xã hội.,A.	Đặc thù,B.	Duy nhất,C.	Riêng biệt,D.	Chung nhất
Câu 142: Chọn phương án đúng nhất: Quan điểm triết học nào cho rằng: Để giải thích mọi hiện tượng của đời sống tinh thần chỉ cần dựa vào các quan hệ kinh tế hiện có.,A.	Chủ nghĩa duy vật lịch sử,B.	Chủ nghĩa duy vật chất phác,C.	Chủ nghĩa duy vật tầm thường,D.	Chủ nghĩa duy tâm lịch sử
"Câu 143: Quan điểm nào cho rằng ý chí, tư tưởng của con người là động lực sâu xa của lịch sử? ",A.	Chủ nghĩa duy vật lịch sử,B.	Chủ nghĩa duy tâm lịch sử,C.	Chủ nghĩa duy vật tầm thường,D.	Tất cả phương án đều sai
"Câu 144: Theo chủ nghĩa duy vật lịch sử, sự biến đổi và phát triển của sản xuất vật chất bao giờ cũng bắt đầu từ sự biến đổi và phát triển của...",A.	Quan hệ sản xuất,B.	Lực lượng sản xuất,C.	Cơ sở hạ tầng,D.	Kiến trúc thượng tầng
Câu 145: Theo chủ nghĩa duy vật lịch sử: Mâu thuẫn biện chứng giữa nội dung vật chất và hình thức xã hội của quá trình sản xuất là mâu thuẫn giữa:,A.	Cơ sở hạ tầng và kiến trúc thượng tầng,B.	Vật chất và ý thức,C.	Lực lượng sản xuất và quan hệ sản xuất,D.	Tồn tại xã hội và ý thức xã hội
Câu 146: Chọn câu trả lời đúng theo quan điểm duy tâm về xã hội: Lực lượng sáng tạo ra và quyết định lịch sử là:,A.	quần chúng nhân dân,B.	giai cấp thống trị,C.	lực lượng siêu tự nhiên,"D.	vĩ nhân, cá nhân kiệt xuất"
Câu 147: Tiền đề xuất phát của quan điểm duy vật lịch sử là:,A.	con người hiện thực,B.	con người trừu tượng,C.	giai cấp bị trị,D.	giai cấp thống trị
"Câu 148: Theo chủ nghĩa duy vật lịch sử, yếu tố cơ bản nhất dẫn đến sự khác nhau về địa vị của các giai cấp trong hệ thống kinh tế - xã hội là:",A.	Phân công lao động xã hội,B.	Sở hữu tư liệu sản xuất,C.	Tổ chức và quản lý sản xuất ,D.	Phân phối sản phẩm lao động
"Câu 149: Theo chủ nghĩa duy vật lịch sử, tệ sùng bái cá nhân nghĩa là tuyệt đối hóa vai trò của:",A.	Quần chúng nhân dân,B.	Giai cấp thống trị,C.	Lãnh tụ,D.	Giai cấp bị trị
"Câu 150: Chọn phương án đúng nhất: Theo chủ nghĩa duy vật lịch sử, đấu tranh giai cấp giữ vai trò là:",A.	Động lực phát triển văn hóa của xã hội,B.	Một trong những phương thức và động lực của sự phát triển của khoa học - kỹ thuật,"C.	Một trong những phương thức, động lực của sự tiến bộ, phát triển xã hội trong xã hội có giai cấp đối kháng","D.	Một trong những nguồn gốc, động lực phát triển của mọi chế độ xã hội"
"Câu 151: Theo chủ nghĩa duy vật lịch sử, lực lượng sản xuất là biểu hiện của:",A.	Mối quan hệ giữa con người với con người trong quá trình sản xuất,B.	Mối quan hệ giữa con người với tự nhiên trong quá trình sản xuất,C.	Mối quan hệ giữa cá nhân với xã hội,D.	Mối quan hệ giữa cá nhân với tập thể
"Câu 152: Chọn phương án SAI, theo chủ nghĩa duy vật lịch sử:",A.	Quan hệ sản xuất là nội dung vật chất của quá trình sản xuất,B.	Quan hệ sản xuất có thể tác động trở lại lực lượng sản xuất,C.	Quan hệ sản xuất là hình thức xã hội của quá trình sản xuất,D.	Quan hệ sản xuất chịu sự quyết định của lực lượng sản xuất
"Câu 153: Chọn phương án SAI, theo chủ nghĩa duy vật lịch sử:",A.	Cơ sở hạ tầng giữ vai trò quyết định đối với kiến trúc thượng tầng,B.	Kiến trúc thượng tầng có thể tác động trở lại cơ sở hạ tầng,C.	Mỗi kiến trúc thượng tầng có một cơ sở hạ tầng tương ứng,D.	Mỗi cơ sở hạ tầng có một kiến trúc thượng tầng tương ứng 
"Câu 154: Chọn phương án đúng, theo chủ nghĩa duy vật lịch sử: Tồn tại xã hội thực chất là ... của xã hội.",A.	Đời sống vật chất,B.	Đời sống tinh thần,C.	Đời sống văn hóa,D.	Đời sống chính trị
"Câu 155: Chọn phương án đúng nhất: Theo chủ nghĩa duy vật lịch sử, ý thức xã hội thực chất là ... của xã hội.",A.	Đời sống vật chất,B.	Đời sống tinh thần,C.	Đời sống kinh tế,D.	Đời sống chính trị
"Câu 156: Theo chủ nghĩa duy vật lịch sử, yếu tố nào sau đây KHÔNG thuộc tồn tại xã hội?",A.	Điều kiện tự nhiên - hoàn cảnh địa lý,B.	Dân cư,C.	Hệ tư tưởng,D.	Phương thức sản xuất vật chất
"Câu 157: Theo chủ nghĩa duy vật lịch sử, yếu tố nào sau đây KHÔNG thuộc ý thức xã hội?",A.	Tâm lý xã hội,B.	Phương thức sản xuất vật chất,C.	Hệ tư tưởng xã hội,D.	Ý thức xã hội thông thường
"Câu 158: Chọn phương án SAI, theo chủ nghĩa duy vật lịch sử:",A.	Ý thức xã hội lạc hậu hơn tồn tại xã hội,B.	Ý thức xã hội có tính kế thừa trong sự phát triển của mình,C.	Ý thức xã hội có thể tác động trở lại tồn tại xã hội,D.	Ý thức xã hội luôn vượt trước tồn tại xã hội
"Câu 159: Theo chủ nghĩa duy vật lịch sử, yếu tố nào sau đây KHÔNG thuộc ý thức xã hội?",A.	Tâm lý xã hội,B.	Quan hệ sản xuất,C.	Hệ tư tưởng xã hội,D.	Ý thức đạo đức
"Câu 160: Theo chủ nghĩa duy vật lịch sử, yếu tố nào sau đây KHÔNG thuộc ý thức xã hội?",A.	Ý thức thẩm mỹ,B.	Cơ sở hạ tầng,C.	Tâm lý xã hội,D.	Ý thức lý luận
"Câu 161: Trong các xã hội sau, xã hội nào không có giai cấp?",A.	Phong kiến,B.	Chiếm hữu nô lệ,C.	Tư bản chủ nghĩa,D.	Cộng sản nguyên thủy
"Câu 162: Trong các xã hội sau, xã hội nào chưa có nhà nước?",A.	Phong kiến,B.	Chiếm hữu nô lệ,C.	Tư bản chủ nghĩa,D.	Cộng sản nguyên thủy
"Câu 163: Theo quan niệm duy vật lịch sử: Nhà nước, về bản chất là công cụ thống trị của ….",A.	giai cấp thống trị,B.	giai cấp bị trị,C.	đội ngũ trí thức,D.	Một người
"Câu 164: Theo chủ nghĩa duy vật lịch sử, một trong những nội dung biểu hiện vai trò quyết định của cơ sở hạ tầng đối với kiến trúc thượng tầng:",A.	Nhà nước là yếu tố tác động mạnh nhất tới cơ sở hạ tầng,B.	Hệ tư tưởng của giai cấp thống trị có vai trò quyết định,C.	Tương ứng với một cơ sở hạ tầng nhất định sẽ sinh ra một kiến trúc thượng tầng phù hợp,D.	Kiến trúc thượng tầng phù hợp với nhu cầu khách quan của sự phát triển kinh tế thì thúc đẩy kinh tế phát triển
"Câu 165: Theo chủ nghĩa duy vật lịch sử, một trong những nội dung biểu hiện vai trò quyết định của cơ sở hạ tầng đối với kiến trúc thượng tầng:",A.	Nhà nước là yếu tố tác động mạnh nhất tới cơ sở hạ tầng,"B.	Sự đấu tranh, xung đột lợi ích chính trị- xã hội có nguyên nhân sâu xa từ sự mâu thuẫn, đấu tranh giành lợi ích trong cơ sở kinh tế của xã hội",C.	Kiến trúc thượng tầng không phù hợp với nhu cầu khách quan của sự phát triển kinh tế thì kìm hãm kinh tế phát triển,D.	Hệ tư tưởng của giai cấp thống trị có vai trò quyết định
"Câu 166: Theo chủ nghĩa duy vật lịch sử, một trong những nội dung biểu hiện vai trò quyết định của tồn tại xã hội đối với ý thức xã hội:",A.	Ý thức xã hội thường lạc hậu hơn tồn tại xã hội,B.	Ý thức xã hội có thể vượt trước tồn tại xã hội,C.	Ý thức xã hội nảy sinh từ tồn tại xã hội,D.	Ý thức xã hội tác động trở lại đối với tồn tại xã hội
"Câu 167: Theo chủ nghĩa duy vật lịch sử, một trong những nội dung biểu hiện vai trò quyết định của tồn tại xã hội đối với ý thức xã hội:",A.	Ý thức xã hội thường lạc hậu hơn tồn tại xã hội,B.	Khi tồn tại xã hội biến đổi thì ý thức xã hội cũng biến đổi theo,C.	Ý thức xã hội có thể vượt trước tồn tại xã hội,D.	Ý thức xã hội có tính kế thừa
"Câu 168: Theo chủ nghĩa duy vật lịch sử, một trong những nội dung biểu hiện tính độc lập tương đối của ý thức xã hội đối với tồn tại xã hội:",A.	Ý thức xã hội tác động trở lại tồn tại xã hội,B.	Tồn tại xã hội sinh ra ý thức xã hội,C.	Khi tồn tại xã hội thay đổi thì ý thức xã hội cũng thay đổi theo,D.	Tất cả các phương án đều sai
"Câu 169: Theo chủ nghĩa duy vật lịch sử, yếu tố nào sau đây KHÔNG thuộc tồn tại xã hội?",A.	Phương thức sản xuất vật chất,B.	Điều kiện tự nhiên,C.	Dân cư (dân số),D.	Tâm lý xã hội
"Câu 170: Theo chủ nghĩa duy vật lịch sử, yếu tố nào sau đây KHÔNG thuộc tồn tại xã hội?",A.	Ý thức chính trị,B.	Phương thức sản xuất vật chất,C.	Điều kiện tự nhiên,D.	Dân cư (dân số)
"Câu 171: Theo chủ nghĩa duy vật lịch sử, một trong những nội dung biểu hiện tính độc lập tương đối của ý thức xã hội đối với tồn tại xã hội:",A.	Ý thức xã hội nảy sinh từ tồn tại xã hội,B.	Ý thức xã hội thường lạc hậu hơn tồn tại xã hội,C.	Khi tồn tại xã hội thay đổi thì ý thức xã hội cũng thay đổi theo,D.	Tồn tại xã hội quyết định ý thức xã hội
"Câu 172: Theo chủ nghĩa duy vật lịch sử, một trong những nội dung biểu hiện tính độc lập tương đối của ý thức xã hội so với tồn tại xã hội:",A.	Ý thức xã hội nảy sinh từ tồn tại xã hội,B.	Khi tồn tại xã hội thay đổi thì ý thức xã hội cũng thay đổi theo,C.	Ý thức xã hội có tính kế thừa trong quá trình phát triển,D.	Tất cả các phương án đều sai
Câu 173: Theo chủ nghĩa duy vật lịch sử: Giai cấp lãnh đạo cách mạng xã hội là giai cấp có….,A.	hệ tư tưởng tiến bộ,B.	đại diện cho xu hướng phát triển của xã hội,C.	đại diện cho phương thức sản xuất tiến bộ,"D.	cả A, B, C"
"Câu 174: Chọn phương án đúng nhất: Theo C. Mác và Ph. Ăngghen, đời sống ... của xã hội hình thành và phát triển trên cơ sở của đời sống ...",A.	tinh thần/Vật chất,B.	vật chất/Tinh thần,C.	kinh tế/Văn hóa,D.	vật chất/Ý thức
Câu 175: Theo chủ nghĩa duy vật lịch sử: Nhân tố giữ vai trò quyết định trong lực lượng sản xuất là:,A.	người lao động,B.	công cụ sản xuất,C.	phương tiện lao động,D.	đối tượng lao động
"Câu 176: Theo chủ nghĩa duy vật lịch sử, yếu tố nào sau đây KHÔNG thuộc tồn tại xã hội?",A.	Ý thức khoa học,B.	Phương thức sản xuất vật chất,C.	Điều kiện tự nhiên,D.	Dân cư (dân số)
"Câu 177: Chọn phương án đúng nhất: Theo chủ nghĩa duy vật lịch sử, cơ sở hạ tầng và kiến trúc thượng tầng chính là mối quan hệ giữa:","A.	Kinh tế và kỹ thuật, công nghệ",B.	Kỹ thuật và văn hóa,C.	Kinh tế và chính trị,D.	Tất cả các phương án đều sai
Câu 178: Điền cụm từ đúng nhất vào chỗ trống: Khái niệm phương thức sản xuất dùng để chỉ những ... mà con người sử dụng để tiến hành quá trình sản xuất của xã hội ở những giai đoạn lịch sử nhất định.,A.	Cách thức,B.	Hình thức,C.	Công cụ sản xuất,D.	Năng lực
"Câu 179: Chọn phương án đúng nhất: Theo chủ nghĩa duy vật lịch sử, sự vận động, phát triển của toàn bộ đời sống xã hội, suy đến cùng có nguyên nhân từ tình trạng phát triển của:",A.	Nền sản xuất của xã hội,B.	Cơ sở hạ tầng,C.	Quan hệ sản xuất,D.	Ý thức xã hội
Câu 180: Theo chủ nghĩa duy vật lịch sử: Yếu tố phản ánh rõ nhất trình độ phát triển của lực lượng sản xuất và thể hiện tiêu biểu trình độ con người chinh phục giới tự nhiên là:,A.	Người lao động,B.	Đối tượng lao động,C.	Khoa học,D.	Công cụ lao động
Câu 181: Theo chủ nghĩa duy vật lịch sử: Yếu tố nào KHÔNG thuộc cơ sở hạ tầng?,A.	Quan hệ sản xuất thống trị,B.	Quan hệ sản xuất tàn dư,C.	Quan hệ sản xuất mầm mống,D.	Quan hệ chính trị- xã hội
Câu 182: Theo chủ nghĩa duy vật lịch sử: Yếu tố nào sau đây KHÔNG thuộc cấu trúc của hình thái kinh tế - xã hội?,A.	Lực lượng sản xuất,B.	Quan hệ sản xuất,C.	Kiến trúc thượng tầng,D.	Điều kiện tự nhiên
"Câu 183: Điền cụm từ đúng nhất: Theo nghĩa hẹp, ... là việc lật đổ một chế độ chính trị đã lỗi thời và thiết lập một chế độ chính trị tiến bộ hơn của giai cấp cách mạng.",A.	Cách mạng xã hội,B.	Cách mạng khoa học và công nghệ ,C.	Đấu tranh giai cấp,D.	Tất cả các phương án đều sai
"Câu 184: Theo chủ nghĩa duy vật lịch sử, cách mạng xã hội giữ vai trò là một trong những ... của sự phát triển xã hội.","A.	Hình thức, động lực","B.	Phương thức, động lực","C.	Phương hướng, động lực","D.	Mục tiêu, động lực"
"Câu 185: Điền cụm từ đúng nhất vào chỗ trống: Theo C. Mác: Bản chất con người không phải là một cái trừu tượng cố hữu của cá nhân riêng biệt. Trong tính hiện thực của nó, bản chất con người là tổng hòa những...",A.	Quan hệ sản xuất,B.	Quan hệ xã hội,C.	Quan hệ giai cấp,D.	Quan hệ kinh tế
"Câu 186: Theo nguyên lý tồn tại xã hội quyết định ý thức xã hội, lối sống, phong tục tập quán của con người ở những vùng miền khác nhau là do:",A.	Bản sắc văn hóa của mỗi vùng miền,B.	Điều kiện kinh tế - xã hội ở mỗi vùng miền khác nhau,"C.	Cơ chế, chính sách quản lí văn hóa mỗi vùng miền",D.	Tất cả các phương án đều sai
"Câu 187: Chọn phương án SAI: Theo chủ nghĩa duy vật lịch sử, nhà nước...",A.	Ra đời cùng sự xuất hiện của con người,B.	Là sản phẩm và biểu hiện của những mâu thuẫn đối kháng giai cấp không thể điều hòa được,C.	Xuất hiện và tồn tại trong một giai đoạn phát triển nhất định của xã hội loài người,D.	Xuất hiện và tồn tại trong những xã hội có đối kháng giai cấp
"Câu 188: Từ nguyên lý tồn tại xã hội quyết định ý thức xã hội của chủ nghĩa duy vật lịch sử, cho thấy tâm lý tiểu nông của người Việt Nam truyền thống căn bản là do: ",A.	Bản tính cố hữu của người Việt,"B.	Bị đế quốc, phong kiến nhiều thế kỷ áp bức, bóc lột","C.	Phương thức sản xuất tiểu nông, manh mún, lạc hậu",D.	Tất cả các phương án đều sai
